1|1|2/2/2024 00:00:00|5/9/2024 00:00:00|5|soba renoviranje
2|0|1/1/2025 00:00:00|1/7/2025 00:00:00|5|ga
3|0|1/1/2025 00:00:00|1/7/2025 00:00:00|5|hxequjkasgcbiwurjkbdscvojrw
4|0|1/1/2025 00:00:00|1/8/2025 00:00:00|5|syhrd
5|0|1/1/2025 00:00:00|1/7/2025 00:00:00|5|e5udtjgc
6|0|1/1/2025 00:00:00|1/7/2025 00:00:00|5|dugwbU
7|0|1/5/2025 00:00:00|1/9/2025 00:00:00|5|HEFUIJAB
9|0|5/8/2024 00:00:00|5/12/2024 00:00:00|5|gsrjbn
10|0|1/2/0001 00:00:00|1/6/0001 00:00:00|5|ngksr
11|1|1/1/0001 00:00:00|1/8/0001 00:00:00|8|ngrs
12|0|1/2/2025 00:00:00|1/9/2025 00:00:00|8|nrsog
13|0|5/10/2024 00:00:00|5/13/2024 00:00:00|4|ngies
14|1|1/9/0001 00:00:00|1/13/0001 00:00:00|5|ughicwsd
